 
INSERT INTO AUTHENTICATION(USER_NAME,PASSWORD,ENABLED) VALUES ('guest','guest', TRUE);
INSERT INTO AUTHENTICATION(USER_NAME,PASSWORD,ENABLED) VALUES ('admin','admin', TRUE);
 
INSERT INTO AUTHORITY (USER_NAME, AUTHORITY) VALUES ('guest', 'ROLE_USER');
INSERT INTO AUTHORITY (USER_NAME, AUTHORITY) VALUES ('admin', 'ROLE_ADMIN');
INSERT INTO AUTHORITY (USER_NAME, AUTHORITY) VALUES ('admin', 'ROLE_USER');

INSERT INTO  PERSON (PERSON_ID, firstname, lastname,email) VALUES (1, 'Curious','George','george@curious.com');
INSERT INTO PERSON (PERSON_ID, firstname, lastname,email) VALUES (2, 'Allen','Rench','allen@wrench.com');
INSERT INTO PERSON (PERSON_ID, firstname, lastname,email) VALUES (3, 'Cust1','Cust1 Last','allen@wrench.com');
INSERT INTO PERSON (PERSON_ID, firstname, lastname,email) VALUES (4, 'Cust2','Cust2 Last','allen@wrench.com');
INSERT INTO PERSON (PERSON_ID, firstname, lastname,email) VALUES (5, 'Cust3','Cust3 Last','allen@wrench.com');
					
INSERT INTO  STAFF (PERSON_ID, is_admin,rank, USER_NAME) VALUES (1,0,0,'admin');
INSERT INTO STAFF (PERSON_ID,is_admin,rank,USER_NAME) VALUES (2, 0,0,'guest');

INSERT INTO CUSTOMER (PERSON_ID, status, creditScore) VALUES (3, 'active', 700);
INSERT INTO CUSTOMER (PERSON_ID, status, creditScore) VALUES (4, 'Active', 800);
INSERT INTO CUSTOMER (PERSON_ID, status, creditScore) VALUES (5, 'activeE', 750);



INSERT INTO SAVINGS(ACCOUNT_ID, NAME, CURRENCY, CUSTOMER_ID, END_DATE, START_DATE, INTEREST_RATE, STATUS) VALUES(1111, 'Account1 ', 'USD', 3, '2017.01.11', '2017.11.11', 10, 1);
INSERT INTO SAVINGS(ACCOUNT_ID, NAME,  CURRENCY, CUSTOMER_ID, END_DATE, START_DATE, INTEREST_RATE, STATUS) VALUES(2222,'Account2 ',  'USD', 3, '2017.01.11', '2017.11.11', 10, 1);


INSERT INTO SAVINGS(ACCOUNT_ID, NAME,  CURRENCY, CUSTOMER_ID, END_DATE, START_DATE, INTEREST_RATE, STATUS) VALUES(3333,'Account3 ',  'USD', 4, '2017.01.11', '2017.11.11', 10, 1);
INSERT INTO SAVINGS(ACCOUNT_ID, NAME,  CURRENCY, CUSTOMER_ID, END_DATE, START_DATE, INTEREST_RATE, STATUS) VALUES(4444,'Account4 ',  'USD', 4, '2017.01.11', '2017.11.11', 10, 1);

INSERT INTO SAVINGS(ACCOUNT_ID, NAME,  CURRENCY, CUSTOMER_ID, END_DATE, START_DATE, INTEREST_RATE, STATUS) VALUES(5555,'Account5 ',  'USD', 5, '2017.01.11', '2017.11.11', 10, 1);
INSERT INTO SAVINGS(ACCOUNT_ID, NAME,  CURRENCY, CUSTOMER_ID, END_DATE, START_DATE, INTEREST_RATE, STATUS) VALUES(6666,'Account6 ',  'USD', 5, '2017.01.11', '2017.11.11', 10, 1);


