 
INSERT INTO AUTHENTICATION(USER_NAME,PASSWORD,ENABLED) VALUES ('guest','guest', TRUE);
INSERT INTO AUTHENTICATION(USER_NAME,PASSWORD,ENABLED) VALUES ('admin','admin', TRUE);
 
INSERT INTO AUTHORITY (USER_NAME, AUTHORITY) VALUES ('guest', 'ROLE_USER');
INSERT INTO AUTHORITY (USER_NAME, AUTHORITY) VALUES ('admin', 'ROLE_ADMIN');
INSERT INTO AUTHORITY (USER_NAME, AUTHORITY) VALUES ('admin', 'ROLE_USER');

INSERT INTO  PERSON (PERSON_ID, firstname, lastname,email) VALUES (1, 'Curious','George','george@curious.com');
INSERT INTO PERSON (PERSON_ID, firstname, lastname,email) VALUES (2, 'Allen','Rench','allen@wrench.com');
INSERT INTO PERSON (PERSON_ID, firstname, lastname,email) VALUES (3, 'Cust1','Cust1 Last','allen@wrench.com');
INSERT INTO PERSON (PERSON_ID, firstname, lastname,email) VALUES (4, 'Cust2','Cust2 Last','allen@wrench.com');
INSERT INTO PERSON (PERSON_ID, firstname, lastname,email) VALUES (5, 'Cust3','Cust3 Last','allen@wrench.com');
					
INSERT INTO  STAFF (PERSON_ID, is_admin,rank, USER_NAME) VALUES (1,0,0,'admin');
INSERT INTO STAFF (PERSON_ID,is_admin,rank,USER_NAME) VALUES (2, 0,0,'guest');

INSERT INTO CUSTOMER (PERSON_ID, status, creditScore) VALUES (3, 'active', 700);
INSERT INTO CUSTOMER (PERSON_ID, status, creditScore) VALUES (4, 'Active', 800);
INSERT INTO CUSTOMER (PERSON_ID, status, creditScore) VALUES (5, 'activeE', 750);



INSERT INTO SAVINGS(ACCOUNT_ID, NAME, CURRENCY, CUSTOMER_ID, END_DATE, START_DATE, INTEREST_RATE, STATUS) VALUES(1111, 'Account1 ', 'USD', 3, '2017.01.11', '2017.11.11', 10, 1);
INSERT INTO SAVINGS(ACCOUNT_ID, NAME,  CURRENCY, CUSTOMER_ID, END_DATE, START_DATE, INTEREST_RATE, STATUS) VALUES(2222,'Account2 ',  'USD', 3, '2017.01.11', '2017.11.11', 10, 1);


INSERT INTO SAVINGS(ACCOUNT_ID, NAME,  CURRENCY, CUSTOMER_ID, END_DATE, START_DATE, INTEREST_RATE, STATUS) VALUES(3333,'Account3 ',  'USD', 4, '2017.01.11', '2017.11.11', 10, 1);
INSERT INTO SAVINGS(ACCOUNT_ID, NAME,  CURRENCY, CUSTOMER_ID, END_DATE, START_DATE, INTEREST_RATE, STATUS) VALUES(4444,'Account4 ',  'USD', 4, '2017.01.11', '2017.11.11', 10, 1);

INSERT INTO SAVINGS(ACCOUNT_ID, NAME,  CURRENCY, CUSTOMER_ID, END_DATE, START_DATE, INTEREST_RATE, STATUS) VALUES(5555,'Account5 ',  'USD', 5, '2017.01.11', '2017.11.11', 10, 1);
INSERT INTO SAVINGS(ACCOUNT_ID, NAME,  CURRENCY, CUSTOMER_ID, END_DATE, START_DATE, INTEREST_RATE, STATUS) VALUES(6666,'Account6 ',  'USD', 5, '2017.01.11', '2017.11.11', 10, 1);




INSERT INTO BALANCE (BALANCE_ID, INTEREST, PRINCIPAL, VALUE_DATE, ACCOUNT_ID, STATUS) VALUES(1, 10, 100000, '2017.03.01', 1111, 0);
INSERT INTO BALANCE (BALANCE_ID, INTEREST, PRINCIPAL, VALUE_DATE, ACCOUNT_ID, STATUS) VALUES(2, 10, 200000, '2017.03.01', 2222, 0);
INSERT INTO BALANCE (BALANCE_ID, INTEREST, PRINCIPAL, VALUE_DATE, ACCOUNT_ID, STATUS) VALUES(3, 10, 300000, '2017.03.01', 3333, 0);
INSERT INTO BALANCE (BALANCE_ID, INTEREST, PRINCIPAL, VALUE_DATE, ACCOUNT_ID, STATUS) VALUES(4, 10, 400000, '2017.03.01', 4444, 0);
INSERT INTO BALANCE (BALANCE_ID, INTEREST, PRINCIPAL, VALUE_DATE, ACCOUNT_ID, STATUS) VALUES(5, 10, 500000, '2017.03.01', 5555, 0);
INSERT INTO BALANCE (BALANCE_ID, INTEREST, PRINCIPAL, VALUE_DATE, ACCOUNT_ID, STATUS) VALUES(6, 10, 600000, '2017.03.01', 6666, 0);


INSERT INTO TRANSACTION(TRAN_ID, AMOUNT, CURRENCY, DESCRIPTION, TRAN_DATE, TYPE,ACCOUNT_ID) VALUES(1, 1000, 'USD', 'Income transaction 1', '2017.02.22', 'INC', 1111);
INSERT INTO TRANSACTION(TRAN_ID, AMOUNT, CURRENCY, DESCRIPTION, TRAN_DATE, TYPE,ACCOUNT_ID) VALUES(2, 2000, 'USD', 'Income transaction 2', '2017.02.22', 'INC',1111);
INSERT INTO TRANSACTION(TRAN_ID, AMOUNT, CURRENCY, DESCRIPTION, TRAN_DATE, TYPE,ACCOUNT_ID) VALUES(3, 3000, 'USD', 'Income transaction 3', '2017.02.22', 'INC',1111);


INSERT INTO TRANSACTION(TRAN_ID, AMOUNT, CURRENCY, DESCRIPTION, TRAN_DATE, TYPE,ACCOUNT_ID) VALUES(4, 4000, 'USD', 'Income transaction 4', '2017.02.22', 'INC',2222);
INSERT INTO TRANSACTION(TRAN_ID, AMOUNT, CURRENCY, DESCRIPTION, TRAN_DATE, TYPE,ACCOUNT_ID) VALUES(5, 5000, 'USD', 'Income transaction 5', '2017.02.22', 'INC',2222);
INSERT INTO TRANSACTION(TRAN_ID, AMOUNT, CURRENCY, DESCRIPTION, TRAN_DATE, TYPE,ACCOUNT_ID) VALUES(6, 6000, 'USD', 'Income transaction 6', '2017.02.22', 'INC',2222);



INSERT INTO TRANSACTION(TRAN_ID, AMOUNT, CURRENCY, DESCRIPTION, TRAN_DATE, TYPE,ACCOUNT_ID) VALUES(7, 7000, 'USD', 'Income transaction 7', '2017.02.22', 'INC',3333);
INSERT INTO TRANSACTION(TRAN_ID, AMOUNT, CURRENCY, DESCRIPTION, TRAN_DATE, TYPE,ACCOUNT_ID) VALUES(8, 8000, 'USD', 'Income transaction 8', '2017.02.22', 'INC',3333);
INSERT INTO TRANSACTION(TRAN_ID, AMOUNT, CURRENCY, DESCRIPTION, TRAN_DATE, TYPE,ACCOUNT_ID) VALUES(9, 9000, 'USD', 'Income transaction 9', '2017.02.22', 'INC',3333);

